{"type": "Source Version", "uuid": "4816", "id": "202310311536", "short_code": "P-Tracker", "name": "P-Tracker", "full_name": "P-Tracker", "description": "202310311536", "source_type": "Dictionary", "custom_validation_schema": "OpenMRS", "public_access": "None", "default_locale": "en", "supported_locales": ["en"], "website": "", "url": "/orgs/OHRITechGroup/sources/P-Tracker/", "owner": "OHRITechGroup", "owner_type": "Organization", "owner_url": "/orgs/OHRITechGroup/", "retired": false, "version_url": "/orgs/OHRITechGroup/sources/P-Tracker/202310311536/", "previous_version_url": "/orgs/OHRITechGroup/sources/P-Tracker/20230818/", "created_on": "2023-10-31T12:36:17.452706Z", "updated_on": "2023-10-31T12:36:17.452719Z", "created_by": "alaboso", "updated_by": "alaboso", "extras": {}, "external_id": "b8ca78a2-33f7-4785-955a-9e41cd8ff471", "version": "202310311536", "concepts_url": "/orgs/OHRITechGroup/sources/P-Tracker/202310311536/concepts/", "mappings_url": "/orgs/OHRITechGroup/sources/P-Tracker/202310311536/mappings/", "is_processing": true, "released": false, "canonical_url": null, "identifier": {}, "publisher": null, "contact": {}, "jurisdiction": {}, "purpose": null, "copyright": null, "content_type": null, "revision_date": null, "text": null, "meta": null, "experimental": null, "case_sensitive": null, "collection_reference": null, "hierarchy_meaning": null, "compositional": null, "version_needed": null, "hierarchy_root_url": null, "checksums": null, "source": {"id": "P-Tracker", "url": "/orgs/OHRITechGroup/sources/P-Tracker/", "meta": null, "name": "P-Tracker", "text": null, "type": "Source", "uuid": "4093", "owner": "OHRITechGroup", "extras": {}, "contact": {}, "purpose": null, "version": "HEAD", "website": "", "logo_url": null, "checksums": null, "copyright": null, "full_name": "P-Tracker", "owner_url": "/orgs/OHRITechGroup/", "publisher": null, "created_by": "wamathaga", "created_on": "2022-09-29T06:53:45.474930Z", "identifier": {}, "owner_type": "Organization", "short_code": "P-Tracker", "updated_by": "wamathaga", "updated_on": "2023-06-09T13:50:01.936163Z", "description": "Collection of PTracker concepts", "external_id": "b8ca78a2-33f7-4785-955a-9e41cd8ff471", "source_type": "Dictionary", "concepts_url": "/orgs/OHRITechGroup/sources/P-Tracker/concepts/", "content_type": null, "experimental": null, "jurisdiction": {}, "mappings_url": "/orgs/OHRITechGroup/sources/P-Tracker/mappings/", "versions_url": "/orgs/OHRITechGroup/sources/P-Tracker/versions/", "canonical_url": null, "compositional": null, "public_access": "None", "revision_date": null, "case_sensitive": null, "default_locale": "en", "version_needed": null, "hierarchy_meaning": null, "supported_locales": ["en"], "hierarchy_root_url": null, "collection_reference": null, "autoid_concept_mnemonic": null, "autoid_mapping_mnemonic": "sequential", "custom_validation_schema": "OpenMRS", "autoid_concept_external_id": null, "autoid_mapping_external_id": null, "autoid_concept_mnemonic_start_from": 1, "autoid_mapping_mnemonic_start_from": 1, "autoid_concept_external_id_start_from": 1, "autoid_mapping_external_id_start_from": 1}, "concepts": [{"type": "Concept", "uuid": "4460405", "id": "P-Tracker19", "external_id": "e2ae63f3-e4c9-4822-bf18-c894928556c8", "concept_class": "Misc", "datatype": "None", "display_name": "Never received ARV prophylaxis", "display_locale": "en", "names": [{"uuid": "12788213", "name": "Never received ARV prophylaxis", "external_id": "eed6d146-77bf-11ee-b962-0242ac120002", "type": "ConceptName", "locale": "en", "locale_preferred": false, "name_type": "Fully-Specified", "checksum": null}], "descriptions": [], "extras": {}, "retired": false, "source": "P-Tracker", "source_url": "/orgs/OHRITechGroup/sources/P-Tracker/", "owner": "OHRITechGroup", "owner_name": "OHRITechGroup", "owner_url": "/orgs/OHRITechGroup/", "version": "4460405", "created_on": "2023-10-31T07:37:05.793164Z", "updated_on": "2023-10-31T07:37:05.806080Z", "version_created_on": "2023-10-31T07:37:05.793164Z", "version_created_by": "wamathaga", "update_comment": null, "is_latest_version": true, "locale": null, "url": "/orgs/OHRITechGroup/sources/P-Tracker/concepts/P-Tracker19/", "owner_type": "Organization", "version_url": "/orgs/OHRITechGroup/sources/P-Tracker/concepts/P-Tracker19/4460405/", "previous_version_url": null, "parent_concept_urls": [], "child_concept_urls": [], "version_updated_on": "2023-10-31T07:37:05.806080Z", "version_updated_by": "wamathaga"}, {"type": "Concept", "uuid": "3348314", "id": "P-Tracker18", "external_id": "857c5868-bdcd-4f5c-aadd-8b0fa7de8481", "concept_class": "Misc", "datatype": "None", "display_name": "Received ARV prophylaxis", "display_locale": "en", "names": [{"uuid": "6825278", "name": "Received ARV prophylaxis", "external_id": "", "type": "ConceptName", "locale": "en", "locale_preferred": false, "name_type": "Fully-Specified", "checksum": null}], "descriptions": [], "extras": {}, "retired": false, "source": "P-Tracker", "source_url": "/orgs/OHRITechGroup/sources/P-Tracker/", "owner": "OHRITechGroup", "owner_name": "OHRITechGroup", "owner_url": "/orgs/OHRITechGroup/", "version": "3348314", "created_on": "2023-08-18T06:57:21.485504Z", "updated_on": "2023-08-18T06:57:21.491593Z", "version_created_on": "2023-08-18T06:57:21.485504Z", "version_created_by": "wamathaga", "update_comment": null, "is_latest_version": true, "locale": null, "url": "/orgs/OHRITechGroup/sources/P-Tracker/concepts/P-Tracker18/", "owner_type": "Organization", "version_url": "/orgs/OHRITechGroup/sources/P-Tracker/concepts/P-Tracker18/3348314/", "previous_version_url": null, "parent_concept_urls": [], "child_concept_urls": [], "version_updated_on": "2023-08-18T06:57:21.491593Z", "version_updated_by": "wamathaga"}, {"type": "Concept", "uuid": "3348310", "id": "P-Tracker17", "external_id": "8eb8dee6-5342-4529-ad2f-4fc5a66becd9", "concept_class": "Misc", "datatype": "None", "display_name": "Stopped ARV prophylaxis according to guideline", "display_locale": "en", "names": [{"uuid": "6825274", "name": "Stopped ARV prophylaxis according to guideline", "external_id": "", "type": "ConceptName", "locale": "en", "locale_preferred": false, "name_type": "Fully-Specified", "checksum": null}], "descriptions": [], "extras": {}, "retired": false, "source": "P-Tracker", "source_url": "/orgs/OHRITechGroup/sources/P-Tracker/", "owner": "OHRITechGroup", "owner_name": "OHRITechGroup", "owner_url": "/orgs/OHRITechGroup/", "version": "3348310", "created_on": "2023-08-18T06:55:50.692947Z", "updated_on": "2023-08-18T06:55:50.700929Z", "version_created_on": "2023-08-18T06:55:50.692947Z", "version_created_by": "wamathaga", "update_comment": null, "is_latest_version": true, "locale": null, "url": "/orgs/OHRITechGroup/sources/P-Tracker/concepts/P-Tracker17/", "owner_type": "Organization", "version_url": "/orgs/OHRITechGroup/sources/P-Tracker/concepts/P-Tracker17/3348310/", "previous_version_url": null, "parent_concept_urls": [], "child_concept_urls": [], "version_updated_on": "2023-08-18T06:55:50.700929Z", "version_updated_by": "wamathaga"}, {"type": "Concept", "uuid": "3307815", "id": "P-Tracker16", "external_id": "52f7fc03-611b-4b62-8498-37beb2fa99ed", "concept_class": "Misc", "datatype": "None", "display_name": "In Transit", "display_locale": "en", "names": [{"uuid": "6747278", "name": "In Transit", "external_id": "", "type": "ConceptName", "locale": "en", "locale_preferred": false, "name_type": "Fully-Specified", "checksum": null}], "descriptions": [], "extras": {}, "retired": false, "source": "P-Tracker", "source_url": "/orgs/OHRITechGroup/sources/P-Tracker/", "owner": "OHRITechGroup", "owner_name": "OHRITechGroup", "owner_url": "/orgs/OHRITechGroup/", "version": "3307815", "created_on": "2023-07-24T10:04:05.812208Z", "updated_on": "2023-07-24T10:04:05.818502Z", "version_created_on": "2023-07-24T10:04:05.812208Z", "version_created_by": "wamathaga", "update_comment": null, "is_latest_version": true, "locale": null, "url": "/orgs/OHRITechGroup/sources/P-Tracker/concepts/P-Tracker16/", "owner_type": "Organization", "version_url": "/orgs/OHRITechGroup/sources/P-Tracker/concepts/P-Tracker16/3307815/", "previous_version_url": null, "parent_concept_urls": [], "child_concept_urls": [], "version_updated_on": "2023-07-24T10:04:05.818502Z", "version_updated_by": "wamathaga"}, {"type": "Concept", "uuid": "3307813", "id": "P-Tracker15", "external_id": "8c64a106-3db1-4a78-af11-df6f5a054945", "concept_class": "Finding", "datatype": "None", "display_name": "Currently Unexposed", "display_locale": "en", "names": [{"uuid": "6747276", "name": "Currently Unexposed", "external_id": "", "type": "ConceptName", "locale": "en", "locale_preferred": false, "name_type": "Fully-Specified", "checksum": null}], "descriptions": [], "extras": {}, "retired": false, "source": "P-Tracker", "source_url": "/orgs/OHRITechGroup/sources/P-Tracker/", "owner": "OHRITechGroup", "owner_name": "OHRITechGroup", "owner_url": "/orgs/OHRITechGroup/", "version": "3307813", "created_on": "2023-07-24T09:45:57.548190Z", "updated_on": "2023-07-24T09:45:57.559422Z", "version_created_on": "2023-07-24T09:45:57.548190Z", "version_created_by": "wamathaga", "update_comment": null, "is_latest_version": true, "locale": null, "url": "/orgs/OHRITechGroup/sources/P-Tracker/concepts/P-Tracker15/", "owner_type": "Organization", "version_url": "/orgs/OHRITechGroup/sources/P-Tracker/concepts/P-Tracker15/3307813/", "previous_version_url": null, "parent_concept_urls": [], "child_concept_urls": [], "version_updated_on": "2023-07-24T09:45:57.559422Z", "version_updated_by": "wamathaga"}, {"type": "Concept", "uuid": "3251076", "id": "P-Tracker14", "external_id": "8c64a106-3db1-4a78-af11-df6f5a054945", "concept_class": "Finding", "datatype": "None", "display_name": "Currently Exposed", "display_locale": "en", "names": [{"uuid": "6431326", "name": "Currently Exposed", "external_id": "", "type": "ConceptName", "locale": "en", "locale_preferred": false, "name_type": "Fully-Specified", "checksum": null}], "descriptions": [], "extras": {}, "retired": false, "source": "P-Tracker", "source_url": "/orgs/OHRITechGroup/sources/P-Tracker/", "owner": "OHRITechGroup", "owner_name": "OHRITechGroup", "owner_url": "/orgs/OHRITechGroup/", "version": "3251076", "created_on": "2023-07-21T10:35:56.531544Z", "updated_on": "2023-07-21T10:35:56.540874Z", "version_created_on": "2023-07-21T10:35:56.531544Z", "version_created_by": "wamathaga", "update_comment": null, "is_latest_version": true, "locale": null, "url": "/orgs/OHRITechGroup/sources/P-Tracker/concepts/P-Tracker14/", "owner_type": "Organization", "version_url": "/orgs/OHRITechGroup/sources/P-Tracker/concepts/P-Tracker14/3251076/", "previous_version_url": null, "parent_concept_urls": [], "child_concept_urls": [], "version_updated_on": "2023-07-21T10:35:56.540874Z", "version_updated_by": "wamathaga"}, {"type": "Concept", "uuid": "3251071", "id": "P-Tracker13", "external_id": "3cc14c25-3117-4541-8f8e-705943087385", "concept_class": "Finding", "datatype": "None", "display_name": "Stopped CTX Prophylaxis according to guideline", "display_locale": "en", "names": [{"uuid": "6431320", "name": "Stopped CTX Prophylaxis according to guideline", "external_id": "", "type": "ConceptName", "locale": "en", "locale_preferred": false, "name_type": "Fully-Specified", "checksum": null}], "descriptions": [], "extras": {}, "retired": false, "source": "P-Tracker", "source_url": "/orgs/OHRITechGroup/sources/P-Tracker/", "owner": "OHRITechGroup", "owner_name": "OHRITechGroup", "owner_url": "/orgs/OHRITechGroup/", "version": "3251071", "created_on": "2023-07-21T10:25:26.273799Z", "updated_on": "2023-07-21T10:25:26.279587Z", "version_created_on": "2023-07-21T10:25:26.273799Z", "version_created_by": "wamathaga", "update_comment": null, "is_latest_version": true, "locale": null, "url": "/orgs/OHRITechGroup/sources/P-Tracker/concepts/P-Tracker13/", "owner_type": "Organization", "version_url": "/orgs/OHRITechGroup/sources/P-Tracker/concepts/P-Tracker13/3251071/", "previous_version_url": null, "parent_concept_urls": [], "child_concept_urls": [], "version_updated_on": "2023-07-21T10:25:26.279587Z", "version_updated_by": "wamathaga"}, {"type": "Concept", "uuid": "3251067", "id": "P-Tracker12", "external_id": "a1cab110-9652-4891-90e2-c01a5dbca453", "concept_class": "Finding", "datatype": "None", "display_name": "Never Received CTX Prophylaxis", "display_locale": "en", "names": [{"uuid": "6431316", "name": "Never Received CTX Prophylaxis", "external_id": "", "type": "ConceptName", "locale": "en", "locale_preferred": false, "name_type": "Fully-Specified", "checksum": null}], "descriptions": [], "extras": {}, "retired": false, "source": "P-Tracker", "source_url": "/orgs/OHRITechGroup/sources/P-Tracker/", "owner": "OHRITechGroup", "owner_name": "OHRITechGroup", "owner_url": "/orgs/OHRITechGroup/", "version": "3251067", "created_on": "2023-07-21T10:24:17.426515Z", "updated_on": "2023-07-21T10:24:17.434683Z", "version_created_on": "2023-07-21T10:24:17.426515Z", "version_created_by": "wamathaga", "update_comment": null, "is_latest_version": true, "locale": null, "url": "/orgs/OHRITechGroup/sources/P-Tracker/concepts/P-Tracker12/", "owner_type": "Organization", "version_url": "/orgs/OHRITechGroup/sources/P-Tracker/concepts/P-Tracker12/3251067/", "previous_version_url": null, "parent_concept_urls": [], "child_concept_urls": [], "version_updated_on": "2023-07-21T10:24:17.434683Z", "version_updated_by": "wamathaga"}, {"type": "Concept", "uuid": "3251065", "id": "P-Tracker11", "external_id": "f3a26c7d-a612-4b71-bd30-a359cae817bc", "concept_class": "Finding", "datatype": "None", "display_name": "Received CTX Prophylaxis", "display_locale": "en", "names": [{"uuid": "6431314", "name": "Received CTX Prophylaxis", "external_id": "", "type": "ConceptName", "locale": "en", "locale_preferred": false, "name_type": "Fully-Specified", "checksum": null}], "descriptions": [], "extras": {}, "retired": false, "source": "P-Tracker", "source_url": "/orgs/OHRITechGroup/sources/P-Tracker/", "owner": "OHRITechGroup", "owner_name": "OHRITechGroup", "owner_url": "/orgs/OHRITechGroup/", "version": "3251065", "created_on": "2023-07-21T10:22:56.346273Z", "updated_on": "2023-07-21T10:22:56.354274Z", "version_created_on": "2023-07-21T10:22:56.346273Z", "version_created_by": "wamathaga", "update_comment": null, "is_latest_version": true, "locale": null, "url": "/orgs/OHRITechGroup/sources/P-Tracker/concepts/P-Tracker11/", "owner_type": "Organization", "version_url": "/orgs/OHRITechGroup/sources/P-Tracker/concepts/P-Tracker11/3251065/", "previous_version_url": null, "parent_concept_urls": [], "child_concept_urls": [], "version_updated_on": "2023-07-21T10:22:56.354274Z", "version_updated_by": "wamathaga"}, {"type": "Concept", "uuid": "3251061", "id": "P-Tracker10", "external_id": "ee8c0292-47f8-4c01-8b60-8ba13a560e1a", "concept_class": "Test", "datatype": "Coded", "display_name": "Infant HIV Test", "display_locale": "en", "names": [{"uuid": "6431310", "name": "Infant HIV Test", "external_id": "", "type": "ConceptName", "locale": "en", "locale_preferred": false, "name_type": "Fully-Specified", "checksum": null}], "descriptions": [], "extras": {}, "retired": false, "source": "P-Tracker", "source_url": "/orgs/OHRITechGroup/sources/P-Tracker/", "owner": "OHRITechGroup", "owner_name": "OHRITechGroup", "owner_url": "/orgs/OHRITechGroup/", "version": "3251061", "created_on": "2023-07-21T08:31:17.802968Z", "updated_on": "2023-07-21T08:31:17.812651Z", "version_created_on": "2023-07-21T08:31:17.802968Z", "version_created_by": "wamathaga", "update_comment": null, "is_latest_version": true, "locale": null, "url": "/orgs/OHRITechGroup/sources/P-Tracker/concepts/P-Tracker10/", "owner_type": "Organization", "version_url": "/orgs/OHRITechGroup/sources/P-Tracker/concepts/P-Tracker10/3251061/", "previous_version_url": null, "parent_concept_urls": [], "child_concept_urls": [], "version_updated_on": "2023-07-21T08:31:17.812651Z", "version_updated_by": "wamathaga"}, {"type": "Concept", "uuid": "3251059", "id": "P-Tracker9", "external_id": "6027869c-5d7e-4a82-b22f-6d9c57d61a4d", "concept_class": "Question", "datatype": "Coded", "display_name": "HIV Exposure Status", "display_locale": "en", "names": [{"uuid": "6431308", "name": "HIV Exposure Status", "external_id": "", "type": "ConceptName", "locale": "en", "locale_preferred": false, "name_type": "Fully-Specified", "checksum": null}], "descriptions": [], "extras": {}, "retired": false, "source": "P-Tracker", "source_url": "/orgs/OHRITechGroup/sources/P-Tracker/", "owner": "OHRITechGroup", "owner_name": "OHRITechGroup", "owner_url": "/orgs/OHRITechGroup/", "version": "3251059", "created_on": "2023-07-21T08:29:34.175292Z", "updated_on": "2023-07-21T08:29:34.181745Z", "version_created_on": "2023-07-21T08:29:34.175292Z", "version_created_by": "wamathaga", "update_comment": null, "is_latest_version": true, "locale": null, "url": "/orgs/OHRITechGroup/sources/P-Tracker/concepts/P-Tracker9/", "owner_type": "Organization", "version_url": "/orgs/OHRITechGroup/sources/P-Tracker/concepts/P-Tracker9/3251059/", "previous_version_url": null, "parent_concept_urls": [], "child_concept_urls": [], "version_updated_on": "2023-07-21T08:29:34.181745Z", "version_updated_by": "wamathaga"}, {"type": "Concept", "uuid": "3251057", "id": "P-Tracker8", "external_id": "efc87cd5-2fd8-411c-ba52-b0d858f541e7", "concept_class": "Question", "datatype": "Coded", "display_name": "Facility of next appointment", "display_locale": "en", "names": [{"uuid": "6431306", "name": "Facility of next appointment", "external_id": "", "type": "ConceptName", "locale": "en", "locale_preferred": false, "name_type": "Fully-Specified", "checksum": null}], "descriptions": [], "extras": {}, "retired": false, "source": "P-Tracker", "source_url": "/orgs/OHRITechGroup/sources/P-Tracker/", "owner": "OHRITechGroup", "owner_name": "OHRITechGroup", "owner_url": "/orgs/OHRITechGroup/", "version": "3251057", "created_on": "2023-07-21T08:27:43.118682Z", "updated_on": "2023-07-21T08:27:43.126719Z", "version_created_on": "2023-07-21T08:27:43.118682Z", "version_created_by": "wamathaga", "update_comment": null, "is_latest_version": true, "locale": null, "url": "/orgs/OHRITechGroup/sources/P-Tracker/concepts/P-Tracker8/", "owner_type": "Organization", "version_url": "/orgs/OHRITechGroup/sources/P-Tracker/concepts/P-Tracker8/3251057/", "previous_version_url": null, "parent_concept_urls": [], "child_concept_urls": [], "version_updated_on": "2023-07-21T08:27:43.126719Z", "version_updated_by": "wamathaga"}, {"type": "Concept", "uuid": "3251055", "id": "P-Tracker7", "external_id": "f3de6eb3-5d4a-43ca-8648-74649271238c", "concept_class": "Question", "datatype": "Coded", "display_name": "CTX Prophylaxis Status", "display_locale": "en", "names": [{"uuid": "6431304", "name": "CTX Prophylaxis Status", "external_id": "", "type": "ConceptName", "locale": "en", "locale_preferred": false, "name_type": "Fully-Specified", "checksum": null}], "descriptions": [], "extras": {}, "retired": false, "source": "P-Tracker", "source_url": "/orgs/OHRITechGroup/sources/P-Tracker/", "owner": "OHRITechGroup", "owner_name": "OHRITechGroup", "owner_url": "/orgs/OHRITechGroup/", "version": "3251055", "created_on": "2023-07-21T08:25:47.829448Z", "updated_on": "2023-07-21T08:25:47.839249Z", "version_created_on": "2023-07-21T08:25:47.829448Z", "version_created_by": "wamathaga", "update_comment": null, "is_latest_version": true, "locale": null, "url": "/orgs/OHRITechGroup/sources/P-Tracker/concepts/P-Tracker7/", "owner_type": "Organization", "version_url": "/orgs/OHRITechGroup/sources/P-Tracker/concepts/P-Tracker7/3251055/", "previous_version_url": null, "parent_concept_urls": [], "child_concept_urls": [], "version_updated_on": "2023-07-21T08:25:47.839249Z", "version_updated_by": "wamathaga"}, {"type": "Concept", "uuid": "3251053", "id": "P-Tracker6", "external_id": "c5f74c86-62cd-4d22-9260-4238f1e45fe0", "concept_class": "Question", "datatype": "Coded", "display_name": "ANC HIV Status First Visit", "display_locale": "en", "names": [{"uuid": "6431301", "name": "ANC HIV Status First Visit", "external_id": "", "type": "ConceptName", "locale": "en", "locale_preferred": false, "name_type": "Fully-Specified", "checksum": null}], "descriptions": [], "extras": {}, "retired": false, "source": "P-Tracker", "source_url": "/orgs/OHRITechGroup/sources/P-Tracker/", "owner": "OHRITechGroup", "owner_name": "OHRITechGroup", "owner_url": "/orgs/OHRITechGroup/", "version": "3251053", "created_on": "2023-07-21T08:23:45.879742Z", "updated_on": "2023-07-21T08:23:45.883054Z", "version_created_on": "2023-07-21T08:23:45.879742Z", "version_created_by": "wamathaga", "update_comment": ".", "is_latest_version": true, "locale": null, "url": "/orgs/OHRITechGroup/sources/P-Tracker/concepts/P-Tracker6/", "owner_type": "Organization", "version_url": "/orgs/OHRITechGroup/sources/P-Tracker/concepts/P-Tracker6/3251053/", "previous_version_url": "/orgs/OHRITechGroup/sources/P-Tracker/concepts/P-Tracker6/3251052/", "parent_concept_urls": [], "child_concept_urls": [], "version_updated_on": "2023-07-21T08:23:45.883054Z", "version_updated_by": "wamathaga"}, {"type": "Concept", "uuid": "3251050", "id": "P-Tracker5", "external_id": "a40d8bc4-56b8-4f28-a1dd-412da5cf20ed", "concept_class": "Question", "datatype": "Coded", "display_name": "Linked to ART", "display_locale": "en", "names": [{"uuid": "6431298", "name": "Linked to ART", "external_id": "", "type": "ConceptName", "locale": "en", "locale_preferred": false, "name_type": "Fully-Specified", "checksum": null}], "descriptions": [], "extras": {}, "retired": false, "source": "P-Tracker", "source_url": "/orgs/OHRITechGroup/sources/P-Tracker/", "owner": "OHRITechGroup", "owner_name": "OHRITechGroup", "owner_url": "/orgs/OHRITechGroup/", "version": "3251050", "created_on": "2023-07-21T08:06:54.941231Z", "updated_on": "2023-07-21T08:06:54.949122Z", "version_created_on": "2023-07-21T08:06:54.941231Z", "version_created_by": "wamathaga", "update_comment": null, "is_latest_version": true, "locale": null, "url": "/orgs/OHRITechGroup/sources/P-Tracker/concepts/P-Tracker5/", "owner_type": "Organization", "version_url": "/orgs/OHRITechGroup/sources/P-Tracker/concepts/P-Tracker5/3251050/", "previous_version_url": null, "parent_concept_urls": [], "child_concept_urls": [], "version_updated_on": "2023-07-21T08:06:54.949122Z", "version_updated_by": "wamathaga"}, {"type": "Concept", "uuid": "3251048", "id": "P-Tracker4", "external_id": "c5f74c86-62cd-4d22-9260-4238f1e45fe0", "concept_class": "Question", "datatype": "Date", "display_name": "Date Partner Tested", "display_locale": "en", "names": [{"uuid": "6431296", "name": "Date Partner Tested", "external_id": "", "type": "ConceptName", "locale": "en", "locale_preferred": false, "name_type": "Fully-Specified", "checksum": null}], "descriptions": [], "extras": {}, "retired": false, "source": "P-Tracker", "source_url": "/orgs/OHRITechGroup/sources/P-Tracker/", "owner": "OHRITechGroup", "owner_name": "OHRITechGroup", "owner_url": "/orgs/OHRITechGroup/", "version": "3251048", "created_on": "2023-07-21T08:05:42.432626Z", "updated_on": "2023-07-21T08:05:42.439345Z", "version_created_on": "2023-07-21T08:05:42.432626Z", "version_created_by": "wamathaga", "update_comment": null, "is_latest_version": true, "locale": null, "url": "/orgs/OHRITechGroup/sources/P-Tracker/concepts/P-Tracker4/", "owner_type": "Organization", "version_url": "/orgs/OHRITechGroup/sources/P-Tracker/concepts/P-Tracker4/3251048/", "previous_version_url": null, "parent_concept_urls": [], "child_concept_urls": [], "version_updated_on": "2023-07-21T08:05:42.439345Z", "version_updated_by": "wamathaga"}, {"type": "Concept", "uuid": "3251046", "id": "P-Tracker3", "external_id": "8c2b3506-5b77-4916-a5c8-677a37a65007", "concept_class": "Question", "datatype": "Coded", "display_name": "Confirmatory test performed on this visit", "display_locale": "en", "names": [{"uuid": "6431294", "name": "Confirmatory test performed on this visit", "external_id": "", "type": "ConceptName", "locale": "en", "locale_preferred": false, "name_type": "Fully-Specified", "checksum": null}], "descriptions": [], "extras": {}, "retired": false, "source": "P-Tracker", "source_url": "/orgs/OHRITechGroup/sources/P-Tracker/", "owner": "OHRITechGroup", "owner_name": "OHRITechGroup", "owner_url": "/orgs/OHRITechGroup/", "version": "3251046", "created_on": "2023-07-21T07:46:58.475726Z", "updated_on": "2023-07-21T07:46:58.483225Z", "version_created_on": "2023-07-21T07:46:58.475726Z", "version_created_by": "wamathaga", "update_comment": null, "is_latest_version": true, "locale": null, "url": "/orgs/OHRITechGroup/sources/P-Tracker/concepts/P-Tracker3/", "owner_type": "Organization", "version_url": "/orgs/OHRITechGroup/sources/P-Tracker/concepts/P-Tracker3/3251046/", "previous_version_url": null, "parent_concept_urls": [], "child_concept_urls": [], "version_updated_on": "2023-07-21T07:46:58.483225Z", "version_updated_by": "wamathaga"}, {"type": "Concept", "uuid": "3251044", "id": "PT1", "external_id": "c5f74c86-62cd-4d22-9260-4238f1e45fe0", "concept_class": "Finding", "datatype": "Coded", "display_name": "ART Initiation Status", "display_locale": "en", "names": [{"uuid": "6431291", "name": "ART Initiation Status", "external_id": "", "type": "ConceptName", "locale": "en", "locale_preferred": false, "name_type": "Fully-Specified", "checksum": null}], "descriptions": [{"uuid": "503215", "description": "Concept used by Namibia PTracker", "external_id": "47c65fc0-00cf-4cad-b328-5aa04c6c6921", "type": "ConceptDescription", "locale": "en", "locale_preferred": false, "description_type": "Definition", "checksum": null}], "extras": {}, "retired": false, "source": "P-Tracker", "source_url": "/orgs/OHRITechGroup/sources/P-Tracker/", "owner": "OHRITechGroup", "owner_name": "OHRITechGroup", "owner_url": "/orgs/OHRITechGroup/", "version": "3251044", "created_on": "2023-07-21T07:39:42.760727Z", "updated_on": "2023-07-21T07:39:42.767497Z", "version_created_on": "2023-07-21T07:39:42.760727Z", "version_created_by": "wamathaga", "update_comment": ".", "is_latest_version": true, "locale": null, "url": "/orgs/OHRITechGroup/sources/P-Tracker/concepts/PT1/", "owner_type": "Organization", "version_url": "/orgs/OHRITechGroup/sources/P-Tracker/concepts/PT1/3251044/", "previous_version_url": "/orgs/OHRITechGroup/sources/P-Tracker/concepts/PT1/3251040/", "parent_concept_urls": [], "child_concept_urls": [], "version_updated_on": "2023-07-21T07:39:42.767497Z", "version_updated_by": "wamathaga"}, {"type": "Concept", "uuid": "3251043", "id": "PT2", "external_id": "6c45421e-2566-47cb-bbb3-07586fffbfe2", "concept_class": "Misc", "datatype": "Text", "display_name": "PTrackerID", "display_locale": "en", "names": [{"uuid": "6431289", "name": "PTrackerID", "external_id": "", "type": "ConceptName", "locale": "en", "locale_preferred": false, "name_type": "Fully-Specified", "checksum": null}], "descriptions": [{"uuid": "503213", "description": "Namibia PTracker Concept", "external_id": "47c65fc0-00cf-4cad-b328-5aa04c6c6921", "type": "ConceptDescription", "locale": "en", "locale_preferred": false, "description_type": "Definition", "checksum": null}], "extras": {}, "retired": false, "source": "P-Tracker", "source_url": "/orgs/OHRITechGroup/sources/P-Tracker/", "owner": "OHRITechGroup", "owner_name": "OHRITechGroup", "owner_url": "/orgs/OHRITechGroup/", "version": "3251043", "created_on": "2023-07-21T07:37:35.729584Z", "updated_on": "2023-07-21T07:37:35.735989Z", "version_created_on": "2023-07-21T07:37:35.729584Z", "version_created_by": "wamathaga", "update_comment": ".", "is_latest_version": true, "locale": null, "url": "/orgs/OHRITechGroup/sources/P-Tracker/concepts/PT2/", "owner_type": "Organization", "version_url": "/orgs/OHRITechGroup/sources/P-Tracker/concepts/PT2/3251043/", "previous_version_url": "/orgs/OHRITechGroup/sources/P-Tracker/concepts/PT2/3251042/", "parent_concept_urls": [], "child_concept_urls": [], "version_updated_on": "2023-07-21T07:37:35.735989Z", "version_updated_by": "wamathaga"}, {"type": "Concept", "uuid": "3075515", "id": "ChildDetails", "external_id": "1c70c490-cafa-4c95-9fdd-a30b62bb78b8", "concept_class": "Misc", "datatype": "Rule", "display_name": "Labor & Delivery Details for Child", "display_locale": "en", "names": [{"uuid": "5466340", "name": "Labor & Delivery Details for Child", "external_id": "aa8084a6-06cc-11ee-be56-0242ac120002", "type": "ConceptName", "locale": "en", "locale_preferred": false, "name_type": "Fully-Specified", "checksum": null}], "descriptions": [], "extras": {}, "retired": false, "source": "P-Tracker", "source_url": "/orgs/OHRITechGroup/sources/P-Tracker/", "owner": "OHRITechGroup", "owner_name": "OHRITechGroup", "owner_url": "/orgs/OHRITechGroup/", "version": "3075515", "created_on": "2023-06-09T13:51:22.439017Z", "updated_on": "2023-06-09T13:51:22.445212Z", "version_created_on": "2023-06-09T13:51:22.439017Z", "version_created_by": "wamathaga", "update_comment": "updated", "is_latest_version": true, "locale": null, "url": "/orgs/OHRITechGroup/sources/P-Tracker/concepts/ChildDetails/", "owner_type": "Organization", "version_url": "/orgs/OHRITechGroup/sources/P-Tracker/concepts/ChildDetails/3075515/", "previous_version_url": "/orgs/OHRITechGroup/sources/P-Tracker/concepts/ChildDetails/3075514/", "parent_concept_urls": [], "child_concept_urls": [], "version_updated_on": "2023-06-09T13:51:22.445212Z", "version_updated_by": "wamathaga"}], "mappings": [{"extras": {}, "external_id": null, "retired": false, "map_type": "Q-AND-A", "source": "P-Tracker", "owner": "OHRITechGroup", "owner_type": "Organization", "from_concept_code": "P-Tracker7", "from_concept_name": null, "from_concept_url": "/orgs/OHRITechGroup/sources/P-Tracker/concepts/P-Tracker7/", "to_concept_code": "P-Tracker13", "to_concept_name": null, "to_concept_url": "/orgs/OHRITechGroup/sources/P-Tracker/concepts/P-Tracker13/", "from_source_owner": "OHRITechGroup", "from_source_owner_type": "Organization", "from_source_url": "/orgs/OHRITechGroup/sources/P-Tracker/", "from_source_name": "P-Tracker", "to_source_owner": "OHRITechGroup", "to_source_owner_type": "Organization", "to_source_url": "/orgs/OHRITechGroup/sources/P-Tracker/", "to_source_name": "P-Tracker", "url": "/orgs/OHRITechGroup/sources/P-Tracker/mappings/35/", "version": "5163040", "id": "35", "versioned_object_id": 5163039, "versioned_object_url": "/orgs/OHRITechGroup/sources/P-Tracker/mappings/35/", "is_latest_version": true, "update_comment": null, "version_url": "/orgs/OHRITechGroup/sources/P-Tracker/mappings/35/5163040/", "uuid": "5163040", "version_created_on": "2023-07-24T10:06:45.511696Z", "from_source_version": null, "to_source_version": null, "from_concept_name_resolved": "CTX Prophylaxis Status", "to_concept_name_resolved": "Stopped CTX Prophylaxis according to guideline", "type": "Mapping", "sort_weight": null, "version_updated_on": "2023-07-24T10:06:45.519350Z", "version_updated_by": "ocladmin", "created_on": "2023-07-24T10:06:45.511696Z", "updated_on": "2023-07-24T10:06:45.519350Z", "created_by": "ocladmin", "updated_by": "ocladmin", "public_can_view": false, "checksums": null}, {"extras": {}, "external_id": null, "retired": false, "map_type": "Q-AND-A", "source": "P-Tracker", "owner": "OHRITechGroup", "owner_type": "Organization", "from_concept_code": "P-Tracker7", "from_concept_name": null, "from_concept_url": "/orgs/OHRITechGroup/sources/P-Tracker/concepts/P-Tracker7/", "to_concept_code": "P-Tracker12", "to_concept_name": null, "to_concept_url": "/orgs/OHRITechGroup/sources/P-Tracker/concepts/P-Tracker12/", "from_source_owner": "OHRITechGroup", "from_source_owner_type": "Organization", "from_source_url": "/orgs/OHRITechGroup/sources/P-Tracker/", "from_source_name": "P-Tracker", "to_source_owner": "OHRITechGroup", "to_source_owner_type": "Organization", "to_source_url": "/orgs/OHRITechGroup/sources/P-Tracker/", "to_source_name": "P-Tracker", "url": "/orgs/OHRITechGroup/sources/P-Tracker/mappings/34/", "version": "5163038", "id": "34", "versioned_object_id": 5163037, "versioned_object_url": "/orgs/OHRITechGroup/sources/P-Tracker/mappings/34/", "is_latest_version": true, "update_comment": null, "version_url": "/orgs/OHRITechGroup/sources/P-Tracker/mappings/34/5163038/", "uuid": "5163038", "version_created_on": "2023-07-24T10:06:08.328594Z", "from_source_version": null, "to_source_version": null, "from_concept_name_resolved": "CTX Prophylaxis Status", "to_concept_name_resolved": "Never Received CTX Prophylaxis", "type": "Mapping", "sort_weight": null, "version_updated_on": "2023-07-24T10:06:08.347421Z", "version_updated_by": "ocladmin", "created_on": "2023-07-24T10:06:08.328594Z", "updated_on": "2023-07-24T10:06:08.347421Z", "created_by": "ocladmin", "updated_by": "ocladmin", "public_can_view": false, "checksums": null}, {"extras": {}, "external_id": null, "retired": false, "map_type": "Q-AND-A", "source": "P-Tracker", "owner": "OHRITechGroup", "owner_type": "Organization", "from_concept_code": "P-Tracker7", "from_concept_name": null, "from_concept_url": "/orgs/OHRITechGroup/sources/P-Tracker/concepts/P-Tracker7/", "to_concept_code": "P-Tracker11", "to_concept_name": null, "to_concept_url": "/orgs/OHRITechGroup/sources/P-Tracker/concepts/P-Tracker11/", "from_source_owner": "OHRITechGroup", "from_source_owner_type": "Organization", "from_source_url": "/orgs/OHRITechGroup/sources/P-Tracker/", "from_source_name": "P-Tracker", "to_source_owner": "OHRITechGroup", "to_source_owner_type": "Organization", "to_source_url": "/orgs/OHRITechGroup/sources/P-Tracker/", "to_source_name": "P-Tracker", "url": "/orgs/OHRITechGroup/sources/P-Tracker/mappings/33/", "version": "5163036", "id": "33", "versioned_object_id": 5163035, "versioned_object_url": "/orgs/OHRITechGroup/sources/P-Tracker/mappings/33/", "is_latest_version": true, "update_comment": null, "version_url": "/orgs/OHRITechGroup/sources/P-Tracker/mappings/33/5163036/", "uuid": "5163036", "version_created_on": "2023-07-24T10:05:46.487701Z", "from_source_version": null, "to_source_version": null, "from_concept_name_resolved": "CTX Prophylaxis Status", "to_concept_name_resolved": "Received CTX Prophylaxis", "type": "Mapping", "sort_weight": null, "version_updated_on": "2023-07-24T10:05:46.500512Z", "version_updated_by": "ocladmin", "created_on": "2023-07-24T10:05:46.487701Z", "updated_on": "2023-07-24T10:05:46.500512Z", "created_by": "ocladmin", "updated_by": "ocladmin", "public_can_view": false, "checksums": null}, {"extras": {}, "external_id": null, "retired": false, "map_type": "Q-AND-A", "source": "P-Tracker", "owner": "OHRITechGroup", "owner_type": "Organization", "from_concept_code": "P-Tracker7", "from_concept_name": null, "from_concept_url": "/orgs/OHRITechGroup/sources/P-Tracker/concepts/P-Tracker7/", "to_concept_code": "1067", "to_concept_name": null, "to_concept_url": "/orgs/CIEL/sources/CIEL/concepts/1067/", "from_source_owner": "OHRITechGroup", "from_source_owner_type": "Organization", "from_source_url": "/orgs/OHRITechGroup/sources/P-Tracker/", "from_source_name": "P-Tracker", "to_source_owner": "CIEL", "to_source_owner_type": "Organization", "to_source_url": "/orgs/CIEL/sources/CIEL/", "to_source_name": "CIEL", "url": "/orgs/OHRITechGroup/sources/P-Tracker/mappings/32/", "version": "5163034", "id": "32", "versioned_object_id": 5163033, "versioned_object_url": "/orgs/OHRITechGroup/sources/P-Tracker/mappings/32/", "is_latest_version": true, "update_comment": null, "version_url": "/orgs/OHRITechGroup/sources/P-Tracker/mappings/32/5163034/", "uuid": "5163034", "version_created_on": "2023-07-24T10:05:24.857948Z", "from_source_version": null, "to_source_version": null, "from_concept_name_resolved": "CTX Prophylaxis Status", "to_concept_name_resolved": "Unknown", "type": "Mapping", "sort_weight": null, "version_updated_on": "2023-07-24T10:05:24.868054Z", "version_updated_by": "ocladmin", "created_on": "2023-07-24T10:05:24.857948Z", "updated_on": "2023-07-24T10:05:24.868054Z", "created_by": "ocladmin", "updated_by": "ocladmin", "public_can_view": false, "checksums": null}, {"extras": {}, "external_id": null, "retired": false, "map_type": "Q-AND-A", "source": "P-Tracker", "owner": "OHRITechGroup", "owner_type": "Organization", "from_concept_code": "P-Tracker8", "from_concept_name": null, "from_concept_url": "/orgs/OHRITechGroup/sources/P-Tracker/concepts/P-Tracker8/", "to_concept_code": "P-Tracker16", "to_concept_name": null, "to_concept_url": "/orgs/OHRITechGroup/sources/P-Tracker/concepts/P-Tracker16/", "from_source_owner": "OHRITechGroup", "from_source_owner_type": "Organization", "from_source_url": "/orgs/OHRITechGroup/sources/P-Tracker/", "from_source_name": "P-Tracker", "to_source_owner": "OHRITechGroup", "to_source_owner_type": "Organization", "to_source_url": "/orgs/OHRITechGroup/sources/P-Tracker/", "to_source_name": "P-Tracker", "url": "/orgs/OHRITechGroup/sources/P-Tracker/mappings/31/", "version": "5163032", "id": "31", "versioned_object_id": 5163031, "versioned_object_url": "/orgs/OHRITechGroup/sources/P-Tracker/mappings/31/", "is_latest_version": true, "update_comment": null, "version_url": "/orgs/OHRITechGroup/sources/P-Tracker/mappings/31/5163032/", "uuid": "5163032", "version_created_on": "2023-07-24T10:04:38.957541Z", "from_source_version": null, "to_source_version": null, "from_concept_name_resolved": "Facility of next appointment", "to_concept_name_resolved": "In Transit", "type": "Mapping", "sort_weight": null, "version_updated_on": "2023-07-24T10:04:38.970324Z", "version_updated_by": "ocladmin", "created_on": "2023-07-24T10:04:38.957541Z", "updated_on": "2023-07-24T10:04:38.970324Z", "created_by": "ocladmin", "updated_by": "ocladmin", "public_can_view": false, "checksums": null}, {"extras": {}, "external_id": null, "retired": false, "map_type": "Q-AND-A", "source": "P-Tracker", "owner": "OHRITechGroup", "owner_type": "Organization", "from_concept_code": "P-Tracker8", "from_concept_name": null, "from_concept_url": "/orgs/OHRITechGroup/sources/P-Tracker/concepts/P-Tracker8/", "to_concept_code": "1067", "to_concept_name": null, "to_concept_url": "/orgs/CIEL/sources/CIEL/concepts/1067/", "from_source_owner": "OHRITechGroup", "from_source_owner_type": "Organization", "from_source_url": "/orgs/OHRITechGroup/sources/P-Tracker/", "from_source_name": "P-Tracker", "to_source_owner": "CIEL", "to_source_owner_type": "Organization", "to_source_url": "/orgs/CIEL/sources/CIEL/", "to_source_name": "CIEL", "url": "/orgs/OHRITechGroup/sources/P-Tracker/mappings/30/", "version": "5163030", "id": "30", "versioned_object_id": 5163029, "versioned_object_url": "/orgs/OHRITechGroup/sources/P-Tracker/mappings/30/", "is_latest_version": true, "update_comment": null, "version_url": "/orgs/OHRITechGroup/sources/P-Tracker/mappings/30/5163030/", "uuid": "5163030", "version_created_on": "2023-07-24T10:01:23.902439Z", "from_source_version": null, "to_source_version": null, "from_concept_name_resolved": "Facility of next appointment", "to_concept_name_resolved": "Unknown", "type": "Mapping", "sort_weight": null, "version_updated_on": "2023-07-24T10:01:23.907857Z", "version_updated_by": "ocladmin", "created_on": "2023-07-24T10:01:23.902439Z", "updated_on": "2023-07-24T10:01:23.907857Z", "created_by": "ocladmin", "updated_by": "ocladmin", "public_can_view": false, "checksums": null}, {"extras": {}, "external_id": null, "retired": false, "map_type": "Q-AND-A", "source": "P-Tracker", "owner": "OHRITechGroup", "owner_type": "Organization", "from_concept_code": "P-Tracker8", "from_concept_name": null, "from_concept_url": "/orgs/OHRITechGroup/sources/P-Tracker/concepts/P-Tracker8/", "to_concept_code": "160036", "to_concept_name": null, "to_concept_url": "/orgs/CIEL/sources/CIEL/concepts/160036/", "from_source_owner": "OHRITechGroup", "from_source_owner_type": "Organization", "from_source_url": "/orgs/OHRITechGroup/sources/P-Tracker/", "from_source_name": "P-Tracker", "to_source_owner": "CIEL", "to_source_owner_type": "Organization", "to_source_url": "/orgs/CIEL/sources/CIEL/", "to_source_name": "CIEL", "url": "/orgs/OHRITechGroup/sources/P-Tracker/mappings/29/", "version": "5163028", "id": "29", "versioned_object_id": 5163027, "versioned_object_url": "/orgs/OHRITechGroup/sources/P-Tracker/mappings/29/", "is_latest_version": true, "update_comment": null, "version_url": "/orgs/OHRITechGroup/sources/P-Tracker/mappings/29/5163028/", "uuid": "5163028", "version_created_on": "2023-07-24T10:01:03.680942Z", "from_source_version": null, "to_source_version": null, "from_concept_name_resolved": "Facility of next appointment", "to_concept_name_resolved": "Patient transferred out", "type": "Mapping", "sort_weight": null, "version_updated_on": "2023-07-24T10:01:03.692473Z", "version_updated_by": "ocladmin", "created_on": "2023-07-24T10:01:03.680942Z", "updated_on": "2023-07-24T10:01:03.692473Z", "created_by": "ocladmin", "updated_by": "ocladmin", "public_can_view": false, "checksums": null}, {"extras": {}, "external_id": null, "retired": false, "map_type": "Q-AND-A", "source": "P-Tracker", "owner": "OHRITechGroup", "owner_type": "Organization", "from_concept_code": "P-Tracker8", "from_concept_name": null, "from_concept_url": "/orgs/OHRITechGroup/sources/P-Tracker/concepts/P-Tracker8/", "to_concept_code": "163266", "to_concept_name": null, "to_concept_url": "/orgs/CIEL/sources/CIEL/concepts/163266/", "from_source_owner": "OHRITechGroup", "from_source_owner_type": "Organization", "from_source_url": "/orgs/OHRITechGroup/sources/P-Tracker/", "from_source_name": "P-Tracker", "to_source_owner": "CIEL", "to_source_owner_type": "Organization", "to_source_url": "/orgs/CIEL/sources/CIEL/", "to_source_name": "CIEL", "url": "/orgs/OHRITechGroup/sources/P-Tracker/mappings/28/", "version": "5163026", "id": "28", "versioned_object_id": 5163025, "versioned_object_url": "/orgs/OHRITechGroup/sources/P-Tracker/mappings/28/", "is_latest_version": true, "update_comment": null, "version_url": "/orgs/OHRITechGroup/sources/P-Tracker/mappings/28/5163026/", "uuid": "5163026", "version_created_on": "2023-07-24T10:00:24.178084Z", "from_source_version": null, "to_source_version": null, "from_concept_name_resolved": "Facility of next appointment", "to_concept_name_resolved": "Current health facility", "type": "Mapping", "sort_weight": null, "version_updated_on": "2023-07-24T10:00:24.185332Z", "version_updated_by": "ocladmin", "created_on": "2023-07-24T10:00:24.178084Z", "updated_on": "2023-07-24T10:00:24.185332Z", "created_by": "ocladmin", "updated_by": "ocladmin", "public_can_view": false, "checksums": null}, {"extras": {}, "external_id": null, "retired": false, "map_type": "Q-AND-A", "source": "P-Tracker", "owner": "OHRITechGroup", "owner_type": "Organization", "from_concept_code": "P-Tracker10", "from_concept_name": null, "from_concept_url": "/orgs/OHRITechGroup/sources/P-Tracker/concepts/P-Tracker10/", "to_concept_code": "1042", "to_concept_name": null, "to_concept_url": "/orgs/CIEL/sources/CIEL/concepts/1042/", "from_source_owner": "OHRITechGroup", "from_source_owner_type": "Organization", "from_source_url": "/orgs/OHRITechGroup/sources/P-Tracker/", "from_source_name": "P-Tracker", "to_source_owner": "CIEL", "to_source_owner_type": "Organization", "to_source_url": "/orgs/CIEL/sources/CIEL/", "to_source_name": "CIEL", "url": "/orgs/OHRITechGroup/sources/P-Tracker/mappings/27/", "version": "5163024", "id": "27", "versioned_object_id": 5163023, "versioned_object_url": "/orgs/OHRITechGroup/sources/P-Tracker/mappings/27/", "is_latest_version": true, "update_comment": null, "version_url": "/orgs/OHRITechGroup/sources/P-Tracker/mappings/27/5163024/", "uuid": "5163024", "version_created_on": "2023-07-24T09:58:49.136687Z", "from_source_version": null, "to_source_version": null, "from_concept_name_resolved": "Infant HIV Test", "to_concept_name_resolved": "HIV enzyme immunoassay, qualitative", "type": "Mapping", "sort_weight": null, "version_updated_on": "2023-07-24T09:58:49.152902Z", "version_updated_by": "ocladmin", "created_on": "2023-07-24T09:58:49.136687Z", "updated_on": "2023-07-24T09:58:49.152902Z", "created_by": "ocladmin", "updated_by": "ocladmin", "public_can_view": false, "checksums": null}, {"extras": {}, "external_id": null, "retired": false, "map_type": "Q-AND-A", "source": "P-Tracker", "owner": "OHRITechGroup", "owner_type": "Organization", "from_concept_code": "P-Tracker10", "from_concept_name": null, "from_concept_url": "/orgs/OHRITechGroup/sources/P-Tracker/concepts/P-Tracker10/", "to_concept_code": "844", "to_concept_name": null, "to_concept_url": "/orgs/CIEL/sources/CIEL/concepts/844/", "from_source_owner": "OHRITechGroup", "from_source_owner_type": "Organization", "from_source_url": "/orgs/OHRITechGroup/sources/P-Tracker/", "from_source_name": "P-Tracker", "to_source_owner": "CIEL", "to_source_owner_type": "Organization", "to_source_url": "/orgs/CIEL/sources/CIEL/", "to_source_name": "CIEL", "url": "/orgs/OHRITechGroup/sources/P-Tracker/mappings/26/", "version": "5163022", "id": "26", "versioned_object_id": 5163021, "versioned_object_url": "/orgs/OHRITechGroup/sources/P-Tracker/mappings/26/", "is_latest_version": true, "update_comment": null, "version_url": "/orgs/OHRITechGroup/sources/P-Tracker/mappings/26/5163022/", "uuid": "5163022", "version_created_on": "2023-07-24T09:58:16.177207Z", "from_source_version": null, "to_source_version": null, "from_concept_name_resolved": "Infant HIV Test", "to_concept_name_resolved": "HIV DNA polymerase chain reaction", "type": "Mapping", "sort_weight": null, "version_updated_on": "2023-07-24T09:58:16.183676Z", "version_updated_by": "ocladmin", "created_on": "2023-07-24T09:58:16.177207Z", "updated_on": "2023-07-24T09:58:16.183676Z", "created_by": "ocladmin", "updated_by": "ocladmin", "public_can_view": false, "checksums": null}, {"extras": {}, "external_id": null, "retired": false, "map_type": "Q-AND-A", "source": "P-Tracker", "owner": "OHRITechGroup", "owner_type": "Organization", "from_concept_code": "P-Tracker10", "from_concept_name": null, "from_concept_url": "/orgs/OHRITechGroup/sources/P-Tracker/concepts/P-Tracker10/", "to_concept_code": "1067", "to_concept_name": null, "to_concept_url": "/orgs/CIEL/sources/CIEL/concepts/1067/", "from_source_owner": "OHRITechGroup", "from_source_owner_type": "Organization", "from_source_url": "/orgs/OHRITechGroup/sources/P-Tracker/", "from_source_name": "P-Tracker", "to_source_owner": "CIEL", "to_source_owner_type": "Organization", "to_source_url": "/orgs/CIEL/sources/CIEL/", "to_source_name": "CIEL", "url": "/orgs/OHRITechGroup/sources/P-Tracker/mappings/25/", "version": "5163020", "id": "25", "versioned_object_id": 5163019, "versioned_object_url": "/orgs/OHRITechGroup/sources/P-Tracker/mappings/25/", "is_latest_version": true, "update_comment": null, "version_url": "/orgs/OHRITechGroup/sources/P-Tracker/mappings/25/5163020/", "uuid": "5163020", "version_created_on": "2023-07-24T09:57:42.913604Z", "from_source_version": null, "to_source_version": null, "from_concept_name_resolved": "Infant HIV Test", "to_concept_name_resolved": "Unknown", "type": "Mapping", "sort_weight": null, "version_updated_on": "2023-07-24T09:57:42.922620Z", "version_updated_by": "ocladmin", "created_on": "2023-07-24T09:57:42.913604Z", "updated_on": "2023-07-24T09:57:42.922620Z", "created_by": "ocladmin", "updated_by": "ocladmin", "public_can_view": false, "checksums": null}, {"extras": {}, "external_id": null, "retired": false, "map_type": "Q-AND-A", "source": "P-Tracker", "owner": "OHRITechGroup", "owner_type": "Organization", "from_concept_code": "P-Tracker5", "from_concept_name": null, "from_concept_url": "/orgs/OHRITechGroup/sources/P-Tracker/concepts/P-Tracker5/", "to_concept_code": "1067", "to_concept_name": null, "to_concept_url": "/orgs/CIEL/sources/CIEL/concepts/1067/", "from_source_owner": "OHRITechGroup", "from_source_owner_type": "Organization", "from_source_url": "/orgs/OHRITechGroup/sources/P-Tracker/", "from_source_name": "P-Tracker", "to_source_owner": "CIEL", "to_source_owner_type": "Organization", "to_source_url": "/orgs/CIEL/sources/CIEL/", "to_source_name": "CIEL", "url": "/orgs/OHRITechGroup/sources/P-Tracker/mappings/24/", "version": "5163018", "id": "24", "versioned_object_id": 5163017, "versioned_object_url": "/orgs/OHRITechGroup/sources/P-Tracker/mappings/24/", "is_latest_version": true, "update_comment": null, "version_url": "/orgs/OHRITechGroup/sources/P-Tracker/mappings/24/5163018/", "uuid": "5163018", "version_created_on": "2023-07-24T09:56:22.053743Z", "from_source_version": null, "to_source_version": null, "from_concept_name_resolved": "Linked to ART", "to_concept_name_resolved": "Unknown", "type": "Mapping", "sort_weight": null, "version_updated_on": "2023-07-24T09:56:22.059740Z", "version_updated_by": "ocladmin", "created_on": "2023-07-24T09:56:22.053743Z", "updated_on": "2023-07-24T09:56:22.059740Z", "created_by": "ocladmin", "updated_by": "ocladmin", "public_can_view": false, "checksums": null}, {"extras": {}, "external_id": null, "retired": false, "map_type": "Q-AND-A", "source": "P-Tracker", "owner": "OHRITechGroup", "owner_type": "Organization", "from_concept_code": "P-Tracker5", "from_concept_name": null, "from_concept_url": "/orgs/OHRITechGroup/sources/P-Tracker/concepts/P-Tracker5/", "to_concept_code": "1066", "to_concept_name": null, "to_concept_url": "/orgs/CIEL/sources/CIEL/concepts/1066/", "from_source_owner": "OHRITechGroup", "from_source_owner_type": "Organization", "from_source_url": "/orgs/OHRITechGroup/sources/P-Tracker/", "from_source_name": "P-Tracker", "to_source_owner": "CIEL", "to_source_owner_type": "Organization", "to_source_url": "/orgs/CIEL/sources/CIEL/", "to_source_name": "CIEL", "url": "/orgs/OHRITechGroup/sources/P-Tracker/mappings/23/", "version": "5163016", "id": "23", "versioned_object_id": 5163015, "versioned_object_url": "/orgs/OHRITechGroup/sources/P-Tracker/mappings/23/", "is_latest_version": true, "update_comment": null, "version_url": "/orgs/OHRITechGroup/sources/P-Tracker/mappings/23/5163016/", "uuid": "5163016", "version_created_on": "2023-07-24T09:55:51.649847Z", "from_source_version": null, "to_source_version": null, "from_concept_name_resolved": "Linked to ART", "to_concept_name_resolved": "No", "type": "Mapping", "sort_weight": null, "version_updated_on": "2023-07-24T09:55:51.659622Z", "version_updated_by": "ocladmin", "created_on": "2023-07-24T09:55:51.649847Z", "updated_on": "2023-07-24T09:55:51.659622Z", "created_by": "ocladmin", "updated_by": "ocladmin", "public_can_view": false, "checksums": null}, {"extras": {}, "external_id": null, "retired": false, "map_type": "Q-AND-A", "source": "P-Tracker", "owner": "OHRITechGroup", "owner_type": "Organization", "from_concept_code": "P-Tracker5", "from_concept_name": null, "from_concept_url": "/orgs/OHRITechGroup/sources/P-Tracker/concepts/P-Tracker5/", "to_concept_code": "1065", "to_concept_name": null, "to_concept_url": "/orgs/CIEL/sources/CIEL/concepts/1065/", "from_source_owner": "OHRITechGroup", "from_source_owner_type": "Organization", "from_source_url": "/orgs/OHRITechGroup/sources/P-Tracker/", "from_source_name": "P-Tracker", "to_source_owner": "CIEL", "to_source_owner_type": "Organization", "to_source_url": "/orgs/CIEL/sources/CIEL/", "to_source_name": "CIEL", "url": "/orgs/OHRITechGroup/sources/P-Tracker/mappings/22/", "version": "5163014", "id": "22", "versioned_object_id": 5163013, "versioned_object_url": "/orgs/OHRITechGroup/sources/P-Tracker/mappings/22/", "is_latest_version": true, "update_comment": null, "version_url": "/orgs/OHRITechGroup/sources/P-Tracker/mappings/22/5163014/", "uuid": "5163014", "version_created_on": "2023-07-24T09:55:26.487345Z", "from_source_version": null, "to_source_version": null, "from_concept_name_resolved": "Linked to ART", "to_concept_name_resolved": "Yes", "type": "Mapping", "sort_weight": null, "version_updated_on": "2023-07-24T09:55:26.493525Z", "version_updated_by": "ocladmin", "created_on": "2023-07-24T09:55:26.487345Z", "updated_on": "2023-07-24T09:55:26.493525Z", "created_by": "ocladmin", "updated_by": "ocladmin", "public_can_view": false, "checksums": null}, {"extras": {}, "external_id": null, "retired": false, "map_type": "Q-AND-A", "source": "P-Tracker", "owner": "OHRITechGroup", "owner_type": "Organization", "from_concept_code": "P-Tracker3", "from_concept_name": null, "from_concept_url": "/orgs/OHRITechGroup/sources/P-Tracker/concepts/P-Tracker3/", "to_concept_code": "1067", "to_concept_name": null, "to_concept_url": "/orgs/CIEL/sources/CIEL/concepts/1067/", "from_source_owner": "OHRITechGroup", "from_source_owner_type": "Organization", "from_source_url": "/orgs/OHRITechGroup/sources/P-Tracker/", "from_source_name": "P-Tracker", "to_source_owner": "CIEL", "to_source_owner_type": "Organization", "to_source_url": "/orgs/CIEL/sources/CIEL/", "to_source_name": "CIEL", "url": "/orgs/OHRITechGroup/sources/P-Tracker/mappings/21/", "version": "5163012", "id": "21", "versioned_object_id": 5163011, "versioned_object_url": "/orgs/OHRITechGroup/sources/P-Tracker/mappings/21/", "is_latest_version": true, "update_comment": null, "version_url": "/orgs/OHRITechGroup/sources/P-Tracker/mappings/21/5163012/", "uuid": "5163012", "version_created_on": "2023-07-24T09:54:40.229110Z", "from_source_version": null, "to_source_version": null, "from_concept_name_resolved": "Confirmatory test performed on this visit", "to_concept_name_resolved": "Unknown", "type": "Mapping", "sort_weight": null, "version_updated_on": "2023-07-24T09:54:40.239610Z", "version_updated_by": "ocladmin", "created_on": "2023-07-24T09:54:40.229110Z", "updated_on": "2023-07-24T09:54:40.239610Z", "created_by": "ocladmin", "updated_by": "ocladmin", "public_can_view": false, "checksums": null}, {"extras": {}, "external_id": null, "retired": false, "map_type": "Q-AND-A", "source": "P-Tracker", "owner": "OHRITechGroup", "owner_type": "Organization", "from_concept_code": "P-Tracker3", "from_concept_name": null, "from_concept_url": "/orgs/OHRITechGroup/sources/P-Tracker/concepts/P-Tracker3/", "to_concept_code": "1066", "to_concept_name": null, "to_concept_url": "/orgs/CIEL/sources/CIEL/concepts/1066/", "from_source_owner": "OHRITechGroup", "from_source_owner_type": "Organization", "from_source_url": "/orgs/OHRITechGroup/sources/P-Tracker/", "from_source_name": "P-Tracker", "to_source_owner": "CIEL", "to_source_owner_type": "Organization", "to_source_url": "/orgs/CIEL/sources/CIEL/", "to_source_name": "CIEL", "url": "/orgs/OHRITechGroup/sources/P-Tracker/mappings/20/", "version": "5163010", "id": "20", "versioned_object_id": 5163009, "versioned_object_url": "/orgs/OHRITechGroup/sources/P-Tracker/mappings/20/", "is_latest_version": true, "update_comment": null, "version_url": "/orgs/OHRITechGroup/sources/P-Tracker/mappings/20/5163010/", "uuid": "5163010", "version_created_on": "2023-07-24T09:54:17.469229Z", "from_source_version": null, "to_source_version": null, "from_concept_name_resolved": "Confirmatory test performed on this visit", "to_concept_name_resolved": "No", "type": "Mapping", "sort_weight": null, "version_updated_on": "2023-07-24T09:54:17.476803Z", "version_updated_by": "ocladmin", "created_on": "2023-07-24T09:54:17.469229Z", "updated_on": "2023-07-24T09:54:17.476803Z", "created_by": "ocladmin", "updated_by": "ocladmin", "public_can_view": false, "checksums": null}, {"extras": {}, "external_id": null, "retired": false, "map_type": "Q-AND-A", "source": "P-Tracker", "owner": "OHRITechGroup", "owner_type": "Organization", "from_concept_code": "P-Tracker3", "from_concept_name": null, "from_concept_url": "/orgs/OHRITechGroup/sources/P-Tracker/concepts/P-Tracker3/", "to_concept_code": "1065", "to_concept_name": null, "to_concept_url": "/orgs/CIEL/sources/CIEL/concepts/1065/", "from_source_owner": "OHRITechGroup", "from_source_owner_type": "Organization", "from_source_url": "/orgs/OHRITechGroup/sources/P-Tracker/", "from_source_name": "P-Tracker", "to_source_owner": "CIEL", "to_source_owner_type": "Organization", "to_source_url": "/orgs/CIEL/sources/CIEL/", "to_source_name": "CIEL", "url": "/orgs/OHRITechGroup/sources/P-Tracker/mappings/19/", "version": "5163008", "id": "19", "versioned_object_id": 5163007, "versioned_object_url": "/orgs/OHRITechGroup/sources/P-Tracker/mappings/19/", "is_latest_version": true, "update_comment": null, "version_url": "/orgs/OHRITechGroup/sources/P-Tracker/mappings/19/5163008/", "uuid": "5163008", "version_created_on": "2023-07-24T09:53:58.532717Z", "from_source_version": null, "to_source_version": null, "from_concept_name_resolved": "Confirmatory test performed on this visit", "to_concept_name_resolved": "Yes", "type": "Mapping", "sort_weight": null, "version_updated_on": "2023-07-24T09:53:58.544403Z", "version_updated_by": "ocladmin", "created_on": "2023-07-24T09:53:58.532717Z", "updated_on": "2023-07-24T09:53:58.544403Z", "created_by": "ocladmin", "updated_by": "ocladmin", "public_can_view": false, "checksums": null}, {"extras": {}, "external_id": null, "retired": false, "map_type": "Q-AND-A", "source": "P-Tracker", "owner": "OHRITechGroup", "owner_type": "Organization", "from_concept_code": "PT1", "from_concept_name": null, "from_concept_url": "/orgs/OHRITechGroup/sources/P-Tracker/concepts/PT1/", "to_concept_code": "1754", "to_concept_name": null, "to_concept_url": "/orgs/CIEL/sources/CIEL/concepts/1754/", "from_source_owner": "OHRITechGroup", "from_source_owner_type": "Organization", "from_source_url": "/orgs/OHRITechGroup/sources/P-Tracker/", "from_source_name": "P-Tracker", "to_source_owner": "CIEL", "to_source_owner_type": "Organization", "to_source_url": "/orgs/CIEL/sources/CIEL/", "to_source_name": "CIEL", "url": "/orgs/OHRITechGroup/sources/P-Tracker/mappings/18/", "version": "5163006", "id": "18", "versioned_object_id": 5163005, "versioned_object_url": "/orgs/OHRITechGroup/sources/P-Tracker/mappings/18/", "is_latest_version": true, "update_comment": null, "version_url": "/orgs/OHRITechGroup/sources/P-Tracker/mappings/18/5163006/", "uuid": "5163006", "version_created_on": "2023-07-24T09:51:41.448825Z", "from_source_version": null, "to_source_version": null, "from_concept_name_resolved": "ART Initiation Status", "to_concept_name_resolved": "Medications unavailable", "type": "Mapping", "sort_weight": null, "version_updated_on": "2023-07-24T09:51:41.454924Z", "version_updated_by": "ocladmin", "created_on": "2023-07-24T09:51:41.448825Z", "updated_on": "2023-07-24T09:51:41.454924Z", "created_by": "ocladmin", "updated_by": "ocladmin", "public_can_view": false, "checksums": null}, {"extras": {}, "external_id": null, "retired": false, "map_type": "Q-AND-A", "source": "P-Tracker", "owner": "OHRITechGroup", "owner_type": "Organization", "from_concept_code": "PT1", "from_concept_name": null, "from_concept_url": "/orgs/OHRITechGroup/sources/P-Tracker/concepts/PT1/", "to_concept_code": "160018", "to_concept_name": null, "to_concept_url": "/orgs/CIEL/sources/CIEL/concepts/160018/", "from_source_owner": "OHRITechGroup", "from_source_owner_type": "Organization", "from_source_url": "/orgs/OHRITechGroup/sources/P-Tracker/", "from_source_name": "P-Tracker", "to_source_owner": "CIEL", "to_source_owner_type": "Organization", "to_source_url": "/orgs/CIEL/sources/CIEL/", "to_source_name": "CIEL", "url": "/orgs/OHRITechGroup/sources/P-Tracker/mappings/17/", "version": "5163004", "id": "17", "versioned_object_id": 5163003, "versioned_object_url": "/orgs/OHRITechGroup/sources/P-Tracker/mappings/17/", "is_latest_version": true, "update_comment": null, "version_url": "/orgs/OHRITechGroup/sources/P-Tracker/mappings/17/5163004/", "uuid": "5163004", "version_created_on": "2023-07-24T09:51:12.572077Z", "from_source_version": null, "to_source_version": null, "from_concept_name_resolved": "ART Initiation Status", "to_concept_name_resolved": "Treatment never started - patient refused", "type": "Mapping", "sort_weight": null, "version_updated_on": "2023-07-24T09:51:12.578543Z", "version_updated_by": "ocladmin", "created_on": "2023-07-24T09:51:12.572077Z", "updated_on": "2023-07-24T09:51:12.578543Z", "created_by": "ocladmin", "updated_by": "ocladmin", "public_can_view": false, "checksums": null}, {"extras": {}, "external_id": null, "retired": false, "map_type": "Q-AND-A", "source": "P-Tracker", "owner": "OHRITechGroup", "owner_type": "Organization", "from_concept_code": "PT1", "from_concept_name": null, "from_concept_url": "/orgs/OHRITechGroup/sources/P-Tracker/concepts/PT1/", "to_concept_code": "160120", "to_concept_name": null, "to_concept_url": "/orgs/CIEL/sources/CIEL/concepts/160120/", "from_source_owner": "OHRITechGroup", "from_source_owner_type": "Organization", "from_source_url": "/orgs/OHRITechGroup/sources/P-Tracker/", "from_source_name": "P-Tracker", "to_source_owner": "CIEL", "to_source_owner_type": "Organization", "to_source_url": "/orgs/CIEL/sources/CIEL/", "to_source_name": "CIEL", "url": "/orgs/OHRITechGroup/sources/P-Tracker/mappings/16/", "version": "5163002", "id": "16", "versioned_object_id": 5163001, "versioned_object_url": "/orgs/OHRITechGroup/sources/P-Tracker/mappings/16/", "is_latest_version": true, "update_comment": null, "version_url": "/orgs/OHRITechGroup/sources/P-Tracker/mappings/16/5163002/", "uuid": "5163002", "version_created_on": "2023-07-24T09:50:49.757353Z", "from_source_version": null, "to_source_version": null, "from_concept_name_resolved": "ART Initiation Status", "to_concept_name_resolved": "Taking initiated ARVs", "type": "Mapping", "sort_weight": null, "version_updated_on": "2023-07-24T09:50:49.766058Z", "version_updated_by": "ocladmin", "created_on": "2023-07-24T09:50:49.757353Z", "updated_on": "2023-07-24T09:50:49.766058Z", "created_by": "ocladmin", "updated_by": "ocladmin", "public_can_view": false, "checksums": null}, {"extras": {}, "external_id": null, "retired": false, "map_type": "Q-AND-A", "source": "P-Tracker", "owner": "OHRITechGroup", "owner_type": "Organization", "from_concept_code": "PT1", "from_concept_name": null, "from_concept_url": "/orgs/OHRITechGroup/sources/P-Tracker/concepts/PT1/", "to_concept_code": "160119", "to_concept_name": null, "to_concept_url": "/orgs/CIEL/sources/CIEL/concepts/160119/", "from_source_owner": "OHRITechGroup", "from_source_owner_type": "Organization", "from_source_url": "/orgs/OHRITechGroup/sources/P-Tracker/", "from_source_name": "P-Tracker", "to_source_owner": "CIEL", "to_source_owner_type": "Organization", "to_source_url": "/orgs/CIEL/sources/CIEL/", "to_source_name": "CIEL", "url": "/orgs/OHRITechGroup/sources/P-Tracker/mappings/15/", "version": "5163000", "id": "15", "versioned_object_id": 5162999, "versioned_object_url": "/orgs/OHRITechGroup/sources/P-Tracker/mappings/15/", "is_latest_version": true, "update_comment": null, "version_url": "/orgs/OHRITechGroup/sources/P-Tracker/mappings/15/5163000/", "uuid": "5163000", "version_created_on": "2023-07-24T09:50:24.725159Z", "from_source_version": null, "to_source_version": null, "from_concept_name_resolved": "ART Initiation Status", "to_concept_name_resolved": "Currently taking ARV", "type": "Mapping", "sort_weight": null, "version_updated_on": "2023-07-24T09:50:24.740008Z", "version_updated_by": "ocladmin", "created_on": "2023-07-24T09:50:24.725159Z", "updated_on": "2023-07-24T09:50:24.740008Z", "created_by": "ocladmin", "updated_by": "ocladmin", "public_can_view": false, "checksums": null}, {"extras": {}, "external_id": null, "retired": false, "map_type": "Q-AND-A", "source": "P-Tracker", "owner": "OHRITechGroup", "owner_type": "Organization", "from_concept_code": "PT1", "from_concept_name": null, "from_concept_url": "/orgs/OHRITechGroup/sources/P-Tracker/concepts/PT1/", "to_concept_code": "1067", "to_concept_name": null, "to_concept_url": "/orgs/CIEL/sources/CIEL/concepts/1067/", "from_source_owner": "OHRITechGroup", "from_source_owner_type": "Organization", "from_source_url": "/orgs/OHRITechGroup/sources/P-Tracker/", "from_source_name": "P-Tracker", "to_source_owner": "CIEL", "to_source_owner_type": "Organization", "to_source_url": "/orgs/CIEL/sources/CIEL/", "to_source_name": "CIEL", "url": "/orgs/OHRITechGroup/sources/P-Tracker/mappings/14/", "version": "5162998", "id": "14", "versioned_object_id": 5162997, "versioned_object_url": "/orgs/OHRITechGroup/sources/P-Tracker/mappings/14/", "is_latest_version": true, "update_comment": null, "version_url": "/orgs/OHRITechGroup/sources/P-Tracker/mappings/14/5162998/", "uuid": "5162998", "version_created_on": "2023-07-24T09:49:35.262500Z", "from_source_version": null, "to_source_version": null, "from_concept_name_resolved": "ART Initiation Status", "to_concept_name_resolved": "Unknown", "type": "Mapping", "sort_weight": null, "version_updated_on": "2023-07-24T09:49:35.273968Z", "version_updated_by": "ocladmin", "created_on": "2023-07-24T09:49:35.262500Z", "updated_on": "2023-07-24T09:49:35.273968Z", "created_by": "ocladmin", "updated_by": "ocladmin", "public_can_view": false, "checksums": null}, {"extras": {}, "external_id": null, "retired": false, "map_type": "Q-AND-A", "source": "P-Tracker", "owner": "OHRITechGroup", "owner_type": "Organization", "from_concept_code": "P-Tracker9", "from_concept_name": null, "from_concept_url": "/orgs/OHRITechGroup/sources/P-Tracker/concepts/P-Tracker9/", "to_concept_code": "P-Tracker15", "to_concept_name": null, "to_concept_url": "/orgs/OHRITechGroup/sources/P-Tracker/concepts/P-Tracker15/", "from_source_owner": "OHRITechGroup", "from_source_owner_type": "Organization", "from_source_url": "/orgs/OHRITechGroup/sources/P-Tracker/", "from_source_name": "P-Tracker", "to_source_owner": "OHRITechGroup", "to_source_owner_type": "Organization", "to_source_url": "/orgs/OHRITechGroup/sources/P-Tracker/", "to_source_name": "P-Tracker", "url": "/orgs/OHRITechGroup/sources/P-Tracker/mappings/13/", "version": "5162996", "id": "13", "versioned_object_id": 5162995, "versioned_object_url": "/orgs/OHRITechGroup/sources/P-Tracker/mappings/13/", "is_latest_version": true, "update_comment": null, "version_url": "/orgs/OHRITechGroup/sources/P-Tracker/mappings/13/5162996/", "uuid": "5162996", "version_created_on": "2023-07-24T09:46:23.087933Z", "from_source_version": null, "to_source_version": null, "from_concept_name_resolved": "HIV Exposure Status", "to_concept_name_resolved": "Currently Unexposed", "type": "Mapping", "sort_weight": null, "version_updated_on": "2023-07-24T09:46:23.097003Z", "version_updated_by": "ocladmin", "created_on": "2023-07-24T09:46:23.087933Z", "updated_on": "2023-07-24T09:46:23.097003Z", "created_by": "ocladmin", "updated_by": "ocladmin", "public_can_view": false, "checksums": null}, {"extras": {}, "external_id": null, "retired": false, "map_type": "Q-AND-A", "source": "P-Tracker", "owner": "OHRITechGroup", "owner_type": "Organization", "from_concept_code": "P-Tracker9", "from_concept_name": null, "from_concept_url": "/orgs/OHRITechGroup/sources/P-Tracker/concepts/P-Tracker9/", "to_concept_code": "1067", "to_concept_name": null, "to_concept_url": "/orgs/CIEL/sources/CIEL/concepts/1067/", "from_source_owner": "OHRITechGroup", "from_source_owner_type": "Organization", "from_source_url": "/orgs/OHRITechGroup/sources/P-Tracker/", "from_source_name": "P-Tracker", "to_source_owner": "CIEL", "to_source_owner_type": "Organization", "to_source_url": "/orgs/CIEL/sources/CIEL/", "to_source_name": "CIEL", "url": "/orgs/OHRITechGroup/sources/P-Tracker/mappings/12/", "version": "5162994", "id": "12", "versioned_object_id": 5162993, "versioned_object_url": "/orgs/OHRITechGroup/sources/P-Tracker/mappings/12/", "is_latest_version": true, "update_comment": null, "version_url": "/orgs/OHRITechGroup/sources/P-Tracker/mappings/12/5162994/", "uuid": "5162994", "version_created_on": "2023-07-24T09:44:31.750164Z", "from_source_version": null, "to_source_version": null, "from_concept_name_resolved": "HIV Exposure Status", "to_concept_name_resolved": "Unknown", "type": "Mapping", "sort_weight": null, "version_updated_on": "2023-07-24T09:44:31.757292Z", "version_updated_by": "ocladmin", "created_on": "2023-07-24T09:44:31.750164Z", "updated_on": "2023-07-24T09:44:31.757292Z", "created_by": "ocladmin", "updated_by": "ocladmin", "public_can_view": false, "checksums": null}, {"extras": {}, "external_id": null, "retired": false, "map_type": "Q-AND-A", "source": "P-Tracker", "owner": "OHRITechGroup", "owner_type": "Organization", "from_concept_code": "P-Tracker9", "from_concept_name": null, "from_concept_url": "/orgs/OHRITechGroup/sources/P-Tracker/concepts/P-Tracker9/", "to_concept_code": "P-Tracker14", "to_concept_name": null, "to_concept_url": "/orgs/OHRITechGroup/sources/P-Tracker/concepts/P-Tracker14/", "from_source_owner": "OHRITechGroup", "from_source_owner_type": "Organization", "from_source_url": "/orgs/OHRITechGroup/sources/P-Tracker/", "from_source_name": "P-Tracker", "to_source_owner": "OHRITechGroup", "to_source_owner_type": "Organization", "to_source_url": "/orgs/OHRITechGroup/sources/P-Tracker/", "to_source_name": "P-Tracker", "url": "/orgs/OHRITechGroup/sources/P-Tracker/mappings/11/", "version": "5162992", "id": "11", "versioned_object_id": 5162991, "versioned_object_url": "/orgs/OHRITechGroup/sources/P-Tracker/mappings/11/", "is_latest_version": true, "update_comment": null, "version_url": "/orgs/OHRITechGroup/sources/P-Tracker/mappings/11/5162992/", "uuid": "5162992", "version_created_on": "2023-07-24T09:43:31.943325Z", "from_source_version": null, "to_source_version": null, "from_concept_name_resolved": "HIV Exposure Status", "to_concept_name_resolved": "Currently Exposed", "type": "Mapping", "sort_weight": null, "version_updated_on": "2023-07-24T09:43:31.951659Z", "version_updated_by": "ocladmin", "created_on": "2023-07-24T09:43:31.943325Z", "updated_on": "2023-07-24T09:43:31.951659Z", "created_by": "ocladmin", "updated_by": "ocladmin", "public_can_view": false, "checksums": null}, {"extras": {}, "external_id": null, "retired": true, "map_type": "SAME-AS", "source": "P-Tracker", "owner": "OHRITechGroup", "owner_type": "Organization", "from_concept_code": "PT2", "from_concept_name": null, "from_concept_url": "/orgs/OHRITechGroup/sources/P-Tracker/concepts/PT2/", "to_concept_code": "163530", "to_concept_name": null, "to_concept_url": "/orgs/CIEL/sources/CIEL/concepts/163530/", "from_source_owner": "OHRITechGroup", "from_source_owner_type": "Organization", "from_source_url": "/orgs/OHRITechGroup/sources/P-Tracker/", "from_source_name": "P-Tracker", "to_source_owner": "CIEL", "to_source_owner_type": "Organization", "to_source_url": "/orgs/CIEL/sources/CIEL/", "to_source_name": "CIEL", "url": "/orgs/OHRITechGroup/sources/P-Tracker/mappings/2/", "version": "5162990", "id": "2", "versioned_object_id": 5162164, "versioned_object_url": "/orgs/OHRITechGroup/sources/P-Tracker/mappings/2/", "is_latest_version": true, "update_comment": "import error", "version_url": "/orgs/OHRITechGroup/sources/P-Tracker/mappings/2/5162990/", "uuid": "5162990", "version_created_on": "2023-07-24T09:40:40.278582Z", "from_source_version": null, "to_source_version": null, "from_concept_name_resolved": "PTrackerID", "to_concept_name_resolved": "Mother's patient identifier", "type": "Mapping", "sort_weight": null, "version_updated_on": "2023-07-24T09:40:40.289195Z", "version_updated_by": "wamathaga", "created_on": "2023-07-24T09:40:40.278582Z", "updated_on": "2023-07-24T09:40:40.289195Z", "created_by": "wamathaga", "updated_by": "wamathaga", "public_can_view": false, "checksums": null}, {"extras": {}, "external_id": null, "retired": true, "map_type": "SAME-AS", "source": "P-Tracker", "owner": "OHRITechGroup", "owner_type": "Organization", "from_concept_code": "PT1", "from_concept_name": null, "from_concept_url": "/orgs/OHRITechGroup/sources/P-Tracker/concepts/PT1/", "to_concept_code": "160117", "to_concept_name": null, "to_concept_url": "/orgs/CIEL/sources/CIEL/concepts/160117/", "from_source_owner": "OHRITechGroup", "from_source_owner_type": "Organization", "from_source_url": "/orgs/OHRITechGroup/sources/P-Tracker/", "from_source_name": "P-Tracker", "to_source_owner": "CIEL", "to_source_owner_type": "Organization", "to_source_url": "/orgs/CIEL/sources/CIEL/", "to_source_name": "CIEL", "url": "/orgs/OHRITechGroup/sources/P-Tracker/mappings/1/", "version": "5162989", "id": "1", "versioned_object_id": 5162162, "versioned_object_url": "/orgs/OHRITechGroup/sources/P-Tracker/mappings/1/", "is_latest_version": true, "update_comment": "import error", "version_url": "/orgs/OHRITechGroup/sources/P-Tracker/mappings/1/5162989/", "uuid": "5162989", "version_created_on": "2023-07-24T09:40:28.987040Z", "from_source_version": null, "to_source_version": null, "from_concept_name_resolved": "ART Initiation Status", "to_concept_name_resolved": "Anti-retroviral treatment status", "type": "Mapping", "sort_weight": null, "version_updated_on": "2023-07-24T09:40:28.997724Z", "version_updated_by": "wamathaga", "created_on": "2023-07-24T09:40:28.987040Z", "updated_on": "2023-07-24T09:40:28.997724Z", "created_by": "wamathaga", "updated_by": "wamathaga", "public_can_view": false, "checksums": null}, {"extras": {}, "external_id": null, "retired": true, "map_type": "SAME-AS", "source": "P-Tracker", "owner": "OHRITechGroup", "owner_type": "Organization", "from_concept_code": "P-Tracker3", "from_concept_name": null, "from_concept_url": "/orgs/OHRITechGroup/sources/P-Tracker/concepts/P-Tracker3/", "to_concept_code": "161256", "to_concept_name": null, "to_concept_url": "/orgs/CIEL/sources/CIEL/concepts/161256/", "from_source_owner": "OHRITechGroup", "from_source_owner_type": "Organization", "from_source_url": "/orgs/OHRITechGroup/sources/P-Tracker/", "from_source_name": "P-Tracker", "to_source_owner": "CIEL", "to_source_owner_type": "Organization", "to_source_url": "/orgs/CIEL/sources/CIEL/", "to_source_name": "CIEL", "url": "/orgs/OHRITechGroup/sources/P-Tracker/mappings/3/", "version": "5162988", "id": "3", "versioned_object_id": 5162166, "versioned_object_url": "/orgs/OHRITechGroup/sources/P-Tracker/mappings/3/", "is_latest_version": true, "update_comment": "import error", "version_url": "/orgs/OHRITechGroup/sources/P-Tracker/mappings/3/5162988/", "uuid": "5162988", "version_created_on": "2023-07-24T09:40:17.947851Z", "from_source_version": null, "to_source_version": null, "from_concept_name_resolved": "Confirmatory test performed on this visit", "to_concept_name_resolved": "Confirmatory medical consultation", "type": "Mapping", "sort_weight": null, "version_updated_on": "2023-07-24T09:40:17.953158Z", "version_updated_by": "wamathaga", "created_on": "2023-07-24T09:40:17.947851Z", "updated_on": "2023-07-24T09:40:17.953158Z", "created_by": "wamathaga", "updated_by": "wamathaga", "public_can_view": false, "checksums": null}, {"extras": {}, "external_id": null, "retired": true, "map_type": "SAME-AS", "source": "P-Tracker", "owner": "OHRITechGroup", "owner_type": "Organization", "from_concept_code": "P-Tracker4", "from_concept_name": null, "from_concept_url": "/orgs/OHRITechGroup/sources/P-Tracker/concepts/P-Tracker4/", "to_concept_code": "162079", "to_concept_name": null, "to_concept_url": "/orgs/CIEL/sources/CIEL/concepts/162079/", "from_source_owner": "OHRITechGroup", "from_source_owner_type": "Organization", "from_source_url": "/orgs/OHRITechGroup/sources/P-Tracker/", "from_source_name": "P-Tracker", "to_source_owner": "CIEL", "to_source_owner_type": "Organization", "to_source_url": "/orgs/CIEL/sources/CIEL/", "to_source_name": "CIEL", "url": "/orgs/OHRITechGroup/sources/P-Tracker/mappings/4/", "version": "5162987", "id": "4", "versioned_object_id": 5162168, "versioned_object_url": "/orgs/OHRITechGroup/sources/P-Tracker/mappings/4/", "is_latest_version": true, "update_comment": "import error", "version_url": "/orgs/OHRITechGroup/sources/P-Tracker/mappings/4/5162987/", "uuid": "5162987", "version_created_on": "2023-07-24T09:40:07.137065Z", "from_source_version": null, "to_source_version": null, "from_concept_name_resolved": "Date Partner Tested", "to_concept_name_resolved": "Date test resulted", "type": "Mapping", "sort_weight": null, "version_updated_on": "2023-07-24T09:40:07.143837Z", "version_updated_by": "wamathaga", "created_on": "2023-07-24T09:40:07.137065Z", "updated_on": "2023-07-24T09:40:07.143837Z", "created_by": "wamathaga", "updated_by": "wamathaga", "public_can_view": false, "checksums": null}, {"extras": {}, "external_id": null, "retired": true, "map_type": "SAME-AS", "source": "P-Tracker", "owner": "OHRITechGroup", "owner_type": "Organization", "from_concept_code": "P-Tracker7", "from_concept_name": null, "from_concept_url": "/orgs/OHRITechGroup/sources/P-Tracker/concepts/P-Tracker7/", "to_concept_code": "1261", "to_concept_name": null, "to_concept_url": "/orgs/CIEL/sources/CIEL/concepts/1261/", "from_source_owner": "OHRITechGroup", "from_source_owner_type": "Organization", "from_source_url": "/orgs/OHRITechGroup/sources/P-Tracker/", "from_source_name": "P-Tracker", "to_source_owner": "CIEL", "to_source_owner_type": "Organization", "to_source_url": "/orgs/CIEL/sources/CIEL/", "to_source_name": "CIEL", "url": "/orgs/OHRITechGroup/sources/P-Tracker/mappings/5/", "version": "5162986", "id": "5", "versioned_object_id": 5162170, "versioned_object_url": "/orgs/OHRITechGroup/sources/P-Tracker/mappings/5/", "is_latest_version": true, "update_comment": "import error", "version_url": "/orgs/OHRITechGroup/sources/P-Tracker/mappings/5/5162986/", "uuid": "5162986", "version_created_on": "2023-07-24T09:39:47.784626Z", "from_source_version": null, "to_source_version": null, "from_concept_name_resolved": "CTX Prophylaxis Status", "to_concept_name_resolved": "PCP prophylaxis plan", "type": "Mapping", "sort_weight": null, "version_updated_on": "2023-07-24T09:39:47.792684Z", "version_updated_by": "wamathaga", "created_on": "2023-07-24T09:39:47.784626Z", "updated_on": "2023-07-24T09:39:47.792684Z", "created_by": "wamathaga", "updated_by": "wamathaga", "public_can_view": false, "checksums": null}, {"extras": {}, "external_id": null, "retired": true, "map_type": "SAME-AS", "source": "P-Tracker", "owner": "OHRITechGroup", "owner_type": "Organization", "from_concept_code": "P-Tracker8", "from_concept_name": null, "from_concept_url": "/orgs/OHRITechGroup/sources/P-Tracker/concepts/P-Tracker8/", "to_concept_code": "162724", "to_concept_name": null, "to_concept_url": "/orgs/CIEL/sources/CIEL/concepts/162724/", "from_source_owner": "OHRITechGroup", "from_source_owner_type": "Organization", "from_source_url": "/orgs/OHRITechGroup/sources/P-Tracker/", "from_source_name": "P-Tracker", "to_source_owner": "CIEL", "to_source_owner_type": "Organization", "to_source_url": "/orgs/CIEL/sources/CIEL/", "to_source_name": "CIEL", "url": "/orgs/OHRITechGroup/sources/P-Tracker/mappings/6/", "version": "5162985", "id": "6", "versioned_object_id": 5162172, "versioned_object_url": "/orgs/OHRITechGroup/sources/P-Tracker/mappings/6/", "is_latest_version": true, "update_comment": "import error", "version_url": "/orgs/OHRITechGroup/sources/P-Tracker/mappings/6/5162985/", "uuid": "5162985", "version_created_on": "2023-07-24T09:39:36.755173Z", "from_source_version": null, "to_source_version": null, "from_concept_name_resolved": "Facility of next appointment", "to_concept_name_resolved": "Health facility name", "type": "Mapping", "sort_weight": null, "version_updated_on": "2023-07-24T09:39:36.762265Z", "version_updated_by": "wamathaga", "created_on": "2023-07-24T09:39:36.755173Z", "updated_on": "2023-07-24T09:39:36.762265Z", "created_by": "wamathaga", "updated_by": "wamathaga", "public_can_view": false, "checksums": null}, {"extras": {}, "external_id": null, "retired": true, "map_type": "SAME-AS", "source": "P-Tracker", "owner": "OHRITechGroup", "owner_type": "Organization", "from_concept_code": "P-Tracker11", "from_concept_name": null, "from_concept_url": "/orgs/OHRITechGroup/sources/P-Tracker/concepts/P-Tracker11/", "to_concept_code": "1256", "to_concept_name": null, "to_concept_url": "/orgs/CIEL/sources/CIEL/concepts/1256/", "from_source_owner": "OHRITechGroup", "from_source_owner_type": "Organization", "from_source_url": "/orgs/OHRITechGroup/sources/P-Tracker/", "from_source_name": "P-Tracker", "to_source_owner": "CIEL", "to_source_owner_type": "Organization", "to_source_url": "/orgs/CIEL/sources/CIEL/", "to_source_name": "CIEL", "url": "/orgs/OHRITechGroup/sources/P-Tracker/mappings/9/", "version": "5162984", "id": "9", "versioned_object_id": 5162186, "versioned_object_url": "/orgs/OHRITechGroup/sources/P-Tracker/mappings/9/", "is_latest_version": true, "update_comment": "import error", "version_url": "/orgs/OHRITechGroup/sources/P-Tracker/mappings/9/5162984/", "uuid": "5162984", "version_created_on": "2023-07-24T09:39:18.242558Z", "from_source_version": null, "to_source_version": null, "from_concept_name_resolved": "Received CTX Prophylaxis", "to_concept_name_resolved": "Start drugs", "type": "Mapping", "sort_weight": null, "version_updated_on": "2023-07-24T09:39:18.248812Z", "version_updated_by": "wamathaga", "created_on": "2023-07-24T09:39:18.242558Z", "updated_on": "2023-07-24T09:39:18.248812Z", "created_by": "wamathaga", "updated_by": "wamathaga", "public_can_view": false, "checksums": null}, {"extras": {}, "external_id": null, "retired": true, "map_type": "SAME-AS", "source": "P-Tracker", "owner": "OHRITechGroup", "owner_type": "Organization", "from_concept_code": "P-Tracker12", "from_concept_name": null, "from_concept_url": "/orgs/OHRITechGroup/sources/P-Tracker/concepts/P-Tracker12/", "to_concept_code": "1107", "to_concept_name": null, "to_concept_url": "/orgs/CIEL/sources/CIEL/concepts/1107/", "from_source_owner": "OHRITechGroup", "from_source_owner_type": "Organization", "from_source_url": "/orgs/OHRITechGroup/sources/P-Tracker/", "from_source_name": "P-Tracker", "to_source_owner": "CIEL", "to_source_owner_type": "Organization", "to_source_url": "/orgs/CIEL/sources/CIEL/", "to_source_name": "CIEL", "url": "/orgs/OHRITechGroup/sources/P-Tracker/mappings/8/", "version": "5162983", "id": "8", "versioned_object_id": 5162184, "versioned_object_url": "/orgs/OHRITechGroup/sources/P-Tracker/mappings/8/", "is_latest_version": true, "update_comment": "import error", "version_url": "/orgs/OHRITechGroup/sources/P-Tracker/mappings/8/5162983/", "uuid": "5162983", "version_created_on": "2023-07-24T09:39:06.324026Z", "from_source_version": null, "to_source_version": null, "from_concept_name_resolved": "Never Received CTX Prophylaxis", "to_concept_name_resolved": "None", "type": "Mapping", "sort_weight": null, "version_updated_on": "2023-07-24T09:39:06.331982Z", "version_updated_by": "wamathaga", "created_on": "2023-07-24T09:39:06.324026Z", "updated_on": "2023-07-24T09:39:06.331982Z", "created_by": "wamathaga", "updated_by": "wamathaga", "public_can_view": false, "checksums": null}, {"extras": {}, "external_id": null, "retired": true, "map_type": "SAME-AS", "source": "P-Tracker", "owner": "OHRITechGroup", "owner_type": "Organization", "from_concept_code": "P-Tracker13", "from_concept_name": null, "from_concept_url": "/orgs/OHRITechGroup/sources/P-Tracker/concepts/P-Tracker13/", "to_concept_code": "1260", "to_concept_name": null, "to_concept_url": "/orgs/CIEL/sources/CIEL/concepts/1260/", "from_source_owner": "OHRITechGroup", "from_source_owner_type": "Organization", "from_source_url": "/orgs/OHRITechGroup/sources/P-Tracker/", "from_source_name": "P-Tracker", "to_source_owner": "CIEL", "to_source_owner_type": "Organization", "to_source_url": "/orgs/CIEL/sources/CIEL/", "to_source_name": "CIEL", "url": "/orgs/OHRITechGroup/sources/P-Tracker/mappings/7/", "version": "5162982", "id": "7", "versioned_object_id": 5162182, "versioned_object_url": "/orgs/OHRITechGroup/sources/P-Tracker/mappings/7/", "is_latest_version": true, "update_comment": "import error", "version_url": "/orgs/OHRITechGroup/sources/P-Tracker/mappings/7/5162982/", "uuid": "5162982", "version_created_on": "2023-07-24T09:38:54.113788Z", "from_source_version": null, "to_source_version": null, "from_concept_name_resolved": "Stopped CTX Prophylaxis according to guideline", "to_concept_name_resolved": "Stop all", "type": "Mapping", "sort_weight": null, "version_updated_on": "2023-07-24T09:38:54.124909Z", "version_updated_by": "wamathaga", "created_on": "2023-07-24T09:38:54.113788Z", "updated_on": "2023-07-24T09:38:54.124909Z", "created_by": "wamathaga", "updated_by": "wamathaga", "public_can_view": false, "checksums": null}, {"extras": {}, "external_id": null, "retired": true, "map_type": "SAME-AS", "source": "P-Tracker", "owner": "OHRITechGroup", "owner_type": "Organization", "from_concept_code": "P-Tracker14", "from_concept_name": null, "from_concept_url": "/orgs/OHRITechGroup/sources/P-Tracker/concepts/P-Tracker14/", "to_concept_code": "822", "to_concept_name": null, "to_concept_url": "/orgs/CIEL/sources/CIEL/concepts/822/", "from_source_owner": "OHRITechGroup", "from_source_owner_type": "Organization", "from_source_url": "/orgs/OHRITechGroup/sources/P-Tracker/", "from_source_name": "P-Tracker", "to_source_owner": "CIEL", "to_source_owner_type": "Organization", "to_source_url": "/orgs/CIEL/sources/CIEL/", "to_source_name": "CIEL", "url": "/orgs/OHRITechGroup/sources/P-Tracker/mappings/10/", "version": "5162981", "id": "10", "versioned_object_id": 5162188, "versioned_object_url": "/orgs/OHRITechGroup/sources/P-Tracker/mappings/10/", "is_latest_version": true, "update_comment": "import error", "version_url": "/orgs/OHRITechGroup/sources/P-Tracker/mappings/10/5162981/", "uuid": "5162981", "version_created_on": "2023-07-24T09:38:37.734394Z", "from_source_version": null, "to_source_version": null, "from_concept_name_resolved": "Currently Exposed", "to_concept_name_resolved": "Exposure to HIV", "type": "Mapping", "sort_weight": null, "version_updated_on": "2023-07-24T09:38:37.781940Z", "version_updated_by": "wamathaga", "created_on": "2023-07-24T09:38:37.734394Z", "updated_on": "2023-07-24T09:38:37.781940Z", "created_by": "wamathaga", "updated_by": "wamathaga", "public_can_view": false, "checksums": null}]}